{"cameraMode":{"drawMode":0,"name":"Shaded","section":"Shading Mode"},"sceneLighting":true,"audioPlay":false,"sceneViewState":{"showFog":false,"showMaterialUpdate":false,"showSkybox":true,"showFlares":false,"showImageEffects":true,"showParticleSystems":true},"in2DMode":false,"pivot":{"x":-17.462055206298829,"y":5.1722517013549809,"z":15.664032936096192},"rotation":{"x":0.20677313208580018,"y":0.42041510343551638,"z":-0.09896431118249893,"w":0.8779069185256958},"size":21.656841278076173,"orthographic":false}