{"cameraMode":{"drawMode":0,"name":"Shaded","section":"Shading Mode"},"sceneLighting":true,"audioPlay":false,"sceneViewState":{"showFog":false,"showMaterialUpdate":false,"showSkybox":true,"showFlares":false,"showImageEffects":true,"showParticleSystems":true},"in2DMode":false,"pivot":{"x":-1.4131889343261719,"y":7.768477916717529,"z":2.5114030838012697},"rotation":{"x":0.21851034462451936,"y":-0.011758820153772831,"z":0.003599340794607997,"w":0.975776195526123},"size":22.3053035736084,"orthographic":false}