{"cameraMode":{"drawMode":0,"name":"Shaded","section":"Shading Mode"},"sceneLighting":true,"audioPlay":false,"sceneViewState":{"showFog":false,"showMaterialUpdate":false,"showSkybox":true,"showFlares":false,"showImageEffects":true,"showParticleSystems":true},"in2DMode":false,"pivot":{"x":-3.2014756202697756,"y":-2.2158725261688234,"z":1.4258335828781129},"rotation":{"x":0.7202754616737366,"y":0.0104035260155797,"z":-0.010800786316394806,"w":0.6935350894927979},"size":10.0,"orthographic":false}