{"cameraMode":{"drawMode":0,"name":"Shaded","section":"Shading Mode"},"sceneLighting":false,"audioPlay":false,"sceneViewState":{"showFog":false,"showMaterialUpdate":false,"showSkybox":false,"showFlares":false,"showImageEffects":true,"showParticleSystems":true},"in2DMode":false,"pivot":{"x":8.718463897705079,"y":7.500316619873047,"z":23.974212646484376},"rotation":{"x":-0.26400047540664675,"y":-0.20044563710689546,"z":0.05632355064153671,"w":-0.9418659806251526},"size":41.88532257080078,"orthographic":false}