{"cameraMode":{"drawMode":0,"name":"Shaded","section":"Shading Mode"},"sceneLighting":false,"audioPlay":false,"sceneViewState":{"showFog":false,"showMaterialUpdate":false,"showSkybox":false,"showFlares":false,"showImageEffects":true,"showParticleSystems":true},"in2DMode":false,"pivot":{"x":-0.47509440779685976,"y":0.23060981929302216,"z":0.15772613883018495},"rotation":{"x":-0.08145832270383835,"y":-0.8710658550262451,"z":0.15479524433612824,"w":-0.4591374695301056},"size":1.3510870933532715,"orthographic":false}